{
  "variables": {
    
  },
  "builders": [
    {
      "type": "amazon-ebs",
      "access_key": "{{user `aws_access_key`}}",
      "secret_key": "{{user `aws_secret_key`}}",
      "region": "us-east-1",
      "source_ami" : "ami-039a49e70ea773ffc",
      "instance_type": "t2.micro",
      "ssh_username": "{{user `ssh_username`}}",
      "ami_name": "AV-Httpd-ami-packer-{{timestamp}}"
    }
  ],
  "provisioners": [
    {
      "type": "file",
      "source": "./welcome.txt",
      "destination": "/home/ubuntu/"
    },
    {
      "type": "shell",
      "inline": ["ls -al /home/ubuntu", "cat /home/ubuntu/welcome.txt"]
    },
   {
        "type": "shell",
        "script": "scripts/ansible.sh"
      },
   {
        "type": "ansible-local",
        "playbook_file": "../ansible/site.yml",
        "role_paths": [
          "../ansible/roles/git",
          "../ansible/roles/mysql",
          "../ansible/roles/nginx"
        ],

        "group_vars": "../ansible/group_vars"
      }
 ]
}
