{
  "variables": {
    
  },
  "builders": [
    {
      "type": "amazon-ebs",
      "access_key": "{{user `aws_access_key`}}",
      "secret_key": "{{user `aws_secret_key`}}",
      "region": "us-east-1",
      "source_ami" : "ami-039a49e70ea773ffc",
      "instance_type": "t2.micro",
      "ssh_username": "{{user `ssh_username`}}",
      "ami_name": "AV-Httpd-ami-packer-{{timestamp}}"
    },
    {
    "type": "docker",
    "image": "amitvashist7/demo:base",
    "commit": "true" 
    }

  ],
  "provisioners": [
    {
      "type": "shell",
      "inline": [ 
                  "sudo sleep 30",
                  "sudo apt-get update",
                  "sudo apt-get install apache2 -y",
                  "sudo chmod 777 -R /var/www/html",
                  "sudo echo 'Welcome to Packer Based Docker Image' > /var/www/html/packer.html"        ]
    }
  ]
}
